budget_id,budget_flops,schedule_regime,model_name,n_layer,n_head,n_embd,num_params,target_train_tokens,actual_train_tokens,actual_compute_proxy,fixed_schedule_horizon_steps,runs,mean_train_steps,mean_final_val_loss,std_final_val_loss,mean_best_val_loss,mean_final_test_loss,mean_runtime_sec,mean_tokens_per_second,actual_d_over_n,token_parameter_ratio
0,1200000000000.0,fixed,gpt_2l_16d,2,4,16,12736,15703517.587939698,15704064,1200041754624.0,994,3,7668.0,2.566509679953257,0.00413341468161025,2.5663344621658326,2.5605284293492634,24.371567567189533,646036.377452229,1233.0452261306532,1233.0452261306532
0,1200000000000.0,fixed,gpt_2l_20d,2,4,20,17840,11210762.331838565,11212800,1200218112000.0,994,3,5475.0,2.5538813591003415,0.007132899696251103,2.553551443417867,2.5469535152117415,15.969141880671183,702922.9405782827,628.5201793721973,628.5201793721973
0,1200000000000.0,fixed,gpt_2l_24d,2,4,24,23712,8434547.908232119,8435712,1200165617664.0,864,3,4119.0,2.5577290614446,0.004447087235682781,2.55705083211263,2.552355698744456,19.759088675181072,427143.2481639334,355.7570850202429,355.7570850202429
0,1200000000000.0,fixed,gpt_2l_28d,2,4,28,30352,6589351.607801792,6590464,1200202579968.0,864,3,3218.0,2.543841071923574,0.0018427842435451277,2.543841071923574,2.5368704994519553,14.348214864730835,460007.24167961674,217.13442277279916,217.13442277279916
0,1200000000000.0,fixed,gpt_2l_32d,2,4,32,37760,5296610.169491526,5298176,1200354754560.0,864,3,2587.0,2.5372245987256368,0.0024345729837033183,2.5372245987256368,2.530199364821116,10.920697212219238,485330.35724427644,140.31186440677965,140.31186440677965
0,1200000000000.0,fixed,gpt_2l_36d,2,4,36,45936,4353883.6642284915,4354048,1200045293568.0,864,3,2126.0,2.5278504411379497,0.001663512586374004,2.5276392698287964,2.5214579741160073,9.805402676264444,444542.6202209008,94.78509230233368,94.78509230233368
0,1200000000000.0,fixed,gpt_2l_40d,2,4,40,54880,3644314.868804665,3645440,1200370483200.0,864,3,1780.0,2.521999764442444,0.0010124417279352683,2.521195824940999,2.5150524655977886,8.407976150512695,433653.9593732422,66.42565597667638,66.42565597667638
0,1200000000000.0,fixed,gpt_2l_44d,2,4,44,64592,3096358.682189745,3096576,1200084221952.0,994,3,1512.0,2.505694297949473,0.0021837453916293817,2.5052254597345986,2.499710297584534,4.7121414343516035,658457.2971543763,47.94054991330196,47.94054991330196
0,1200000000000.0,fixed,gpt_2l_48d,2,4,48,75072,2664109.1219096333,2664448,1200152641536.0,864,3,1301.0,2.508610971768697,0.0027909220756143077,2.5085737983385723,2.50191365480423,6.133392254511516,434794.0429972321,35.491901108269396,35.491901108269396
0,1200000000000.0,fixed,gpt_2l_52d,2,4,52,86320,2316960.1482854495,2318336,1200712581120.0,994,3,1132.0,2.4954468250274657,0.0018165710988029171,2.495243215560913,2.488873382409414,3.8932908376057944,607421.2754612775,26.857460611677478,26.857460611677478
0,1200000000000.0,fixed,gpt_2l_56d,2,4,56,98336,2033843.1500162708,2035712,1201102651392.0,864,3,994.0,2.499658985932668,0.00089170139060262,2.498888417085012,2.493796034653981,2.9997986952463784,715713.8985334864,20.701594533029613,20.701594533029613
0,1200000000000.0,fixed,gpt_2l_60d,2,4,60,111120,1799856.0115190784,1800192,1200224010240.0,994,3,879.0,2.4850026607513427,0.0023737631490832025,2.4850026607513427,2.478965743382772,3.5089993476867676,545975.4244678484,16.200431965442764,16.200431965442764
0,1200000000000.0,fixed,gpt_2l_64d,2,4,64,124672,1604209.4455852157,1605632,1201064116224.0,864,3,784.0,2.4882831970850625,0.0008955131130886978,2.4882744987805685,2.482767721017202,3.258261283238729,493926.2405540607,12.878850102669405,12.878850102669405
0,1200000000000.0,fixed,gpt_3l_48d,3,4,48,103344,1935284.0997058367,1935360,1200047063040.0,864,3,945.0,2.5106258312861125,0.0018558983601265713,2.5106258312861125,2.5037715911865237,6.066777070363362,319100.6743710399,18.727357176033443,18.727357176033443
0,1200000000000.0,fixed,gpt_3l_56d,3,4,56,136696,1463100.6027974484,1464320,1201000120320.0,864,3,715.0,2.5024198770523074,0.000404031972635616,2.5024198770523074,2.4956792910893757,4.28813370068868,341856.0974077837,10.712237373441798,10.712237373441798
0,1200000000000.0,fixed,gpt_3l_64d,3,4,64,174656,1145108.0982044705,1146880,1201856839680.0,864,3,560.0,2.4993822971979776,0.0030448018886857714,2.4993822971979776,2.4926239291826886,3.179591655731201,360906.77185961325,6.566507878343716,6.566507878343716
0,1200000000000.0,fixed,gpt_3l_72d,3,4,72,217224,920708.5773211063,921600,1201161830400.0,864,3,450.0,2.4990561763445536,0.001605809865053617,2.4990561763445536,2.492630775769552,2.8505349159240723,323309.7746250552,4.242625124295658,4.242625124295658
0,1200000000000.0,fixed,gpt_3l_80d,3,4,80,264400,756429.65204236,757760,1202110464000.0,864,3,370.0,2.505181928475698,0.005188720636482824,2.5049919724464416,2.498938246568044,2.190215984980265,347461.03787072777,2.865960665658094,2.865960665658094
0,1200000000000.0,fixed,gpt_4l_80d,4,4,80,342240,584385.226741468,585728,1202757304320.0,864,3,286.0,2.5294867634773257,0.003460431265730467,2.5294867634773257,2.523362151781718,2.400104602177938,246166.22093364855,1.7114539504441328,1.7114539504441328
0,1200000000000.0,fixed,gpt_4l_96d,4,4,96,484416,412868.27850442595,413696,1202405769216.0,864,3,202.0,2.550271105766296,0.005714853352884535,2.546483918031057,2.5421183943748473,0.9495874245961508,474678.19960373914,0.854009776720835,0.854009776720835
0,1200000000000.0,fixed,gpt_5l_96d,5,4,96,596256,335426.3940320936,335872,1201594171392.0,864,3,164.0,2.577626061439514,0.0012946597245828125,2.577626061439514,2.5734811902046206,1.1839691797892253,286778.9657994967,0.5633016690817367,0.5633016690817367
0,1200000000000.0,matched,gpt_2l_16d,2,4,16,12736,15703517.587939698,15704064,1200041754624.0,994,3,7668.0,2.485539023081462,0.0018549820079725506,2.4850440899531048,2.478925410906474,22.888044834136963,686234.2765842992,1233.0452261306532,1233.0452261306532
0,1200000000000.0,matched,gpt_2l_20d,2,4,20,17840,11210762.331838565,11212800,1200218112000.0,994,3,5475.0,2.4789597908655803,0.0016133098333613403,2.478401466210683,2.473375419775645,16.487956444422405,680556.6325516292,628.5201793721973,628.5201793721973
0,1200000000000.0,matched,gpt_2l_24d,2,4,24,23712,8434547.908232119,8435712,1200165617664.0,864,3,4119.0,2.478839695453644,0.0015016280027894888,2.478228712081909,2.4731353878974915,18.927756468454998,447275.8833775082,355.7570850202429,355.7570850202429
0,1200000000000.0,matched,gpt_2l_28d,2,4,28,30352,6589351.607801792,6590464,1200202579968.0,864,3,3218.0,2.4783829768498737,0.0011892634540170933,2.478181417783101,2.4724530935287476,14.683744748433432,450079.23562735366,217.13442277279916,217.13442277279916
0,1200000000000.0,matched,gpt_2l_32d,2,4,32,37760,5296610.169491526,5298176,1200354754560.0,864,3,2587.0,2.4772972623507186,0.0028252473363185398,2.477248211701711,2.4721275051434835,10.347143570582071,512757.319219227,140.31186440677965,140.31186440677965
0,1200000000000.0,matched,gpt_2l_36d,2,4,36,45936,4353883.6642284915,4354048,1200045293568.0,864,3,2126.0,2.4802008867263794,0.002659601254951322,2.4798878828684487,2.4748654206593828,9.550692558288574,456689.30850549624,94.78509230233368,94.78509230233368
0,1200000000000.0,matched,gpt_2l_40d,2,4,40,54880,3644314.868804665,3645440,1200370483200.0,864,3,1780.0,2.483315368493398,0.0006697023199913194,2.4828940709431966,2.477101186911265,8.046595493952433,455493.68950138165,66.42565597667638,66.42565597667638
0,1200000000000.0,matched,gpt_2l_44d,2,4,44,64592,3096358.682189745,3096576,1200084221952.0,994,3,1512.0,2.482114764054616,0.003454405265541757,2.481679272651672,2.4769207954406736,5.878522872924805,553797.1209003894,47.94054991330196,47.94054991330196
0,1200000000000.0,matched,gpt_2l_48d,2,4,48,75072,2664109.1219096333,2664448,1200152641536.0,864,3,1301.0,2.4843876322110496,0.0031801821059976028,2.4843685348828632,2.4781543691953023,5.677084684371948,481153.27329561004,35.491901108269396,35.491901108269396
0,1200000000000.0,matched,gpt_2l_52d,2,4,52,86320,2316960.1482854495,2318336,1200712581120.0,994,3,1132.0,2.4879235188166304,0.0017942265390681418,2.487729100386302,2.4815656781196593,4.116124709447225,597674.5089427511,26.857460611677478,26.857460611677478
0,1200000000000.0,matched,gpt_2l_56d,2,4,56,98336,2033843.1500162708,2035712,1201102651392.0,864,3,994.0,2.4909786462783816,0.0018534960846992644,2.4901711225509646,2.4853050629297893,4.485957781473796,458718.59029773856,20.701594533029613,20.701594533029613
0,1200000000000.0,matched,gpt_2l_60d,2,4,60,111120,1799856.0115190784,1800192,1200224010240.0,994,3,879.0,2.4921176314353946,0.0032087645499552166,2.4921176314353946,2.4861987511316936,3.023223082224528,636535.5096796561,16.200431965442764,16.200431965442764
0,1200000000000.0,matched,gpt_2l_64d,2,4,64,124672,1604209.4455852157,1605632,1201064116224.0,864,3,784.0,2.4944795886675517,0.00038409097721514693,2.49433753490448,2.488625093301137,3.1938529014587402,503296.43256900203,12.878850102669405,12.878850102669405
0,1200000000000.0,matched,gpt_3l_48d,3,4,48,103344,1935284.0997058367,1935360,1200047063040.0,864,3,945.0,2.5033663749694823,0.00042306511099022713,2.5033663749694823,2.4965985814730325,5.794145981470744,335252.0973357703,18.727357176033443,18.727357176033443
0,1200000000000.0,matched,gpt_3l_56d,3,4,56,136696,1463100.6027974484,1464320,1201000120320.0,864,3,715.0,2.515082089106242,0.0017462800997596376,2.5146960894266766,2.508381748199463,4.449983517328898,329204.1601624905,10.712237373441798,10.712237373441798
0,1200000000000.0,matched,gpt_3l_64d,3,4,64,174656,1145108.0982044705,1146880,1201856839680.0,864,3,560.0,2.523843324184418,0.0015410013828024006,2.5237053871154784,2.5176989157994587,3.1695121924082437,361851.17024466785,6.566507878343716,6.566507878343716
0,1200000000000.0,matched,gpt_3l_72d,3,4,72,217224,920708.5773211063,921600,1201161830400.0,864,3,450.0,2.530716331799825,0.0026149950289376576,2.530716331799825,2.524501883983612,2.7197395165761313,339165.43183184107,4.242625124295658,4.242625124295658
0,1200000000000.0,matched,gpt_3l_80d,3,4,80,264400,756429.65204236,757760,1202110464000.0,864,3,370.0,2.53931618531545,0.0031162375184864643,2.53931618531545,2.533378024895986,2.433941046396891,311811.7601525764,2.865960665658094,2.865960665658094
0,1200000000000.0,matched,gpt_4l_80d,4,4,80,342240,584385.226741468,585728,1202757304320.0,864,3,286.0,2.5789076526959738,0.002706413386928103,2.5789076526959738,2.573638697465261,2.1017516454060874,279304.0327386496,1.7114539504441328,1.7114539504441328
0,1200000000000.0,matched,gpt_4l_96d,4,4,96,484416,412868.27850442595,413696,1202405769216.0,864,3,202.0,2.607946991920471,0.0023781927401717575,2.6078373352686564,2.60429417292277,1.0029404958089192,431981.9690024539,0.854009776720835,0.854009776720835
0,1200000000000.0,matched,gpt_5l_96d,5,4,96,596256,335426.3940320936,335872,1201594171392.0,864,3,164.0,2.660270897547404,0.004710514453272935,2.660270897547404,2.65730144182841,1.4576331774393718,230765.35310726924,0.5633016690817367,0.5633016690817367
1,2000000000000.0,fixed,gpt_2l_16d,2,4,16,12736,26172529.31323283,26173440,2000069591040.0,1656,3,12780.0,2.522445257504781,0.0022748018903691433,2.522179400920868,2.514429958661397,43.14606483777364,608341.2767964817,2055.075376884422,2055.075376884422
1,2000000000000.0,fixed,gpt_2l_20d,2,4,20,17840,18684603.886397608,18685952,2000144302080.0,1656,3,9124.0,2.514390011628469,0.004062975363678277,2.5138941645622253,2.5059687932332357,27.790784120559692,679974.3500626466,1047.4188340807175,1047.4188340807175
1,2000000000000.0,fixed,gpt_2l_24d,2,4,24,23712,14057579.847053532,14059520,2000276029440.0,1440,3,6865.0,2.5111589352289836,0.004235503380517338,2.510627047220866,2.5043025811513266,31.386288086573284,448524.6022505718,592.9284750337382,592.9284750337382
1,2000000000000.0,fixed,gpt_2l_28d,2,4,28,30352,10982252.679669654,10983424,2000213311488.0,1440,3,5363.0,2.501609257857005,0.0010924718790909687,2.5013605117797852,2.4943128546079,24.534760634104412,447798.51589983,361.868212967844,361.868212967844
1,2000000000000.0,fixed,gpt_2l_32d,2,4,32,37760,8827683.615819208,8828928,2000281927680.0,1440,3,4311.0,2.49620019197464,0.002494426842449918,2.495495466391245,2.4900786995887754,18.012978076934814,490698.7918441219,233.81694915254238,233.81694915254238
1,2000000000000.0,fixed,gpt_2l_36d,2,4,36,45936,7256472.773714153,7258112,2000451796992.0,1440,3,3544.0,2.488938546180725,0.0017424182647852308,2.4887043237686157,2.4825039148330688,17.040343761444092,426037.5428563431,158.00487634970395,158.00487634970395
1,2000000000000.0,fixed,gpt_2l_40d,2,4,40,54880,6073858.1146744415,6074368,2000167895040.0,1440,3,2966.0,2.484098434448242,0.0014175870742712227,2.483417503039042,2.478028607368469,14.12978490193685,430277.9602466584,110.68454810495626,110.68454810495626
1,2000000000000.0,fixed,gpt_2l_44d,2,4,44,64592,5160597.8036495745,5160960,2000140369920.0,1656,3,2520.0,2.4656880100568137,0.0021586999573160047,2.4654982765515645,2.4610884308815,8.398035605748495,624563.426659076,79.90091652216992,79.90091652216992
1,2000000000000.0,fixed,gpt_2l_48d,2,4,48,75072,4440181.869849389,4442112,2000869392384.0,1440,3,2169.0,2.47066695690155,0.004978503843615326,2.4701065460840863,2.464815600713094,10.167214155197144,437389.5853991702,59.171355498721226,59.171355498721226
1,2000000000000.0,fixed,gpt_2l_52d,2,4,52,86320,3861600.247142416,3862528,2000480501760.0,1656,3,1886.0,2.4560465852419537,0.0021659642399983786,2.4560465852419537,2.4513364672660827,7.136910915374756,561066.4977700855,44.746617238183504,44.746617238183504
1,2000000000000.0,fixed,gpt_2l_56d,2,4,56,98336,3389738.5833604513,3391488,2001032183808.0,1440,3,1656.0,2.459206787745158,0.0021257142807728216,2.4585490385691324,2.454787747065226,8.487878719965616,399574.8893693427,34.48877318581191,34.48877318581191
1,2000000000000.0,fixed,gpt_2l_60d,2,4,60,111120,2999760.019198464,3000320,2000373350400.0,1656,3,1465.0,2.446806681156158,0.00224030303563516,2.446806681156158,2.4426975647608438,5.0672822793324785,603639.2833052425,27.000719942404608,27.000719942404608
1,2000000000000.0,fixed,gpt_2l_64d,2,4,64,124672,2673682.409308693,2674688,2000752214016.0,1440,3,1306.0,2.4493168791135154,0.0031639319111955613,2.448789942264557,2.4452160080273946,5.720576445261638,468515.7201494382,21.453798767967147,21.453798767967147
1,2000000000000.0,fixed,gpt_3l_48d,3,4,48,103344,3225473.499509728,3225600,2000078438400.0,1440,3,1575.0,2.4633674502372744,0.0032002902104425216,2.463234718640645,2.458493411540985,9.676791508992514,333577.5879506776,31.212261960055738,31.212261960055738
1,2000000000000.0,fixed,gpt_3l_56d,3,4,56,136696,2438501.004662414,2439168,2000547053568.0,1440,3,1191.0,2.458467157681783,0.0014016203212796976,2.458467157681783,2.4535091161727904,7.750770568847656,315248.94831303996,17.84374085562123,17.84374085562123
1,2000000000000.0,fixed,gpt_3l_64d,3,4,64,174656,1908513.4970074508,1908736,2000233168896.0,1440,3,932.0,2.4587268789609276,0.0014362786241272556,2.4577117204666137,2.454341487089793,5.421021779378255,352970.074011428,10.928545254672041,10.928545254672041
1,2000000000000.0,fixed,gpt_3l_72d,3,4,72,217224,1534514.2955351772,1536000,2001936384000.0,1440,3,750.0,2.457841646671295,0.003138290220706757,2.457841646671295,2.4525752743085225,5.2301154136657715,293696.80114287836,7.071041873826097,7.071041873826097
1,2000000000000.0,fixed,gpt_3l_80d,3,4,80,264400,1260716.0867372667,1261568,2001351475200.0,1440,3,616.0,2.464364631970723,0.004781248992883779,2.464364631970723,2.4588063756624856,3.6802056630452475,344392.50933309854,4.771437216338881,4.771437216338881
1,2000000000000.0,fixed,gpt_4l_80d,4,4,80,342240,973975.3779024467,974848,2001791877120.0,1440,3,476.0,2.481547045707703,0.00515405776495045,2.481370703379313,2.4760148843129475,3.472434918085734,324199.5538336937,2.8484338475923328,2.8484338475923328
1,2000000000000.0,fixed,gpt_4l_96d,4,4,96,484416,688113.7975073765,688128,2000041279488.0,1440,3,336.0,2.5001850167910256,0.006979544879556986,2.5001850167910256,2.4948642015457154,2.536640167236328,271766.9233854079,1.4205311137534682,1.4205311137534682
1,2000000000000.0,fixed,gpt_5l_96d,5,4,96,596256,559043.9900534893,559104,2000214687744.0,1440,3,273.0,2.5239269653956096,0.004540399500117911,2.5234785079956055,2.5183465560277303,2.4963859717051187,223996.1686631379,0.9376911930445982,0.9376911930445982
1,2000000000000.0,matched,gpt_2l_16d,2,4,16,12736,26172529.31323283,26173440,2000069591040.0,1656,3,12780.0,2.462462286154429,0.0010385076429959956,2.462330663204193,2.457149577140808,37.25170612335205,703174.1362282559,2055.075376884422,2055.075376884422
1,2000000000000.0,matched,gpt_2l_20d,2,4,20,17840,18684603.886397608,18685952,2000144302080.0,1656,3,9124.0,2.4539751688639324,0.002816128576468401,2.4538817485173543,2.4502219637235005,29.11078731218974,642180.2516507652,1047.4188340807175,1047.4188340807175
1,2000000000000.0,matched,gpt_2l_24d,2,4,24,23712,14057579.847053532,14059520,2000276029440.0,1440,3,6865.0,2.442010223865509,0.005709813900905692,2.4417369683583576,2.4390305638313294,31.756425619125366,442775.38648978225,592.9284750337382,592.9284750337382
1,2000000000000.0,matched,gpt_2l_28d,2,4,28,30352,10982252.679669654,10983424,2000213311488.0,1440,3,5363.0,2.443377689520518,0.0002793939757102414,2.443283236026764,2.439271040757497,23.953463713328045,458914.5238533987,361.868212967844,361.868212967844
1,2000000000000.0,matched,gpt_2l_32d,2,4,32,37760,8827683.615819208,8828928,2000281927680.0,1440,3,4311.0,2.4440465609232582,0.003587655219581039,2.443765417734782,2.4408884406089784,18.24265392621358,484003.0214637664,233.81694915254238,233.81694915254238
1,2000000000000.0,matched,gpt_2l_36d,2,4,36,45936,7256472.773714153,7258112,2000451796992.0,1440,3,3544.0,2.4442726373672485,0.0005862527574965571,2.444078532854716,2.439938231309255,16.206124305725098,448098.7286339774,158.00487634970395,158.00487634970395
1,2000000000000.0,matched,gpt_2l_40d,2,4,40,54880,6073858.1146744415,6074368,2000167895040.0,1440,3,2966.0,2.4482524196306863,0.004145507048141851,2.447726003328959,2.4442559281984964,13.82457947731018,440249.2275213702,110.68454810495626,110.68454810495626
1,2000000000000.0,matched,gpt_2l_44d,2,4,44,64592,5160597.8036495745,5160960,2000140369920.0,1656,3,2520.0,2.441910894711812,0.0015667089079109081,2.4418635686238606,2.4377747058868406,9.645679314931234,557568.6196177077,79.90091652216992,79.90091652216992
1,2000000000000.0,matched,gpt_2l_48d,2,4,48,75072,4440181.869849389,4442112,2000869392384.0,1440,3,2169.0,2.449586649735769,0.0052307891867730836,2.4493783871332804,2.4447645624478658,9.901373624801636,448785.40396972565,59.171355498721226,59.171355498721226
1,2000000000000.0,matched,gpt_2l_52d,2,4,52,86320,3861600.247142416,3862528,2000480501760.0,1656,3,1886.0,2.4482537587483724,0.0005636602052428234,2.4482537587483724,2.4442538897196453,6.75626786549886,577665.6173744318,44.746617238183504,44.746617238183504
1,2000000000000.0,matched,gpt_2l_56d,2,4,56,98336,3389738.5833604513,3391488,2001032183808.0,1440,3,1656.0,2.453007984161377,0.004019718311938919,2.452408703168233,2.4489865740140275,7.8372260729471845,432746.4898419672,34.48877318581191,34.48877318581191
1,2000000000000.0,matched,gpt_2l_60d,2,4,60,111120,2999760.019198464,3000320,2000373350400.0,1656,3,1465.0,2.4529624899228413,0.0024686267599715954,2.45284305413564,2.4488253871599834,6.534854412078857,462811.807736525,27.000719942404608,27.000719942404608
1,2000000000000.0,matched,gpt_2l_64d,2,4,64,124672,2673682.409308693,2674688,2000752214016.0,1440,3,1306.0,2.454575971762339,0.0033704534017180575,2.4541985432306928,2.450447376569112,6.093783378601074,439252.2066032826,21.453798767967147,21.453798767967147
1,2000000000000.0,matched,gpt_3l_48d,3,4,48,103344,3225473.499509728,3225600,2000078438400.0,1440,3,1575.0,2.4569732745488486,0.0035937280939027628,2.456759556134542,2.452770205338796,9.486676375071207,340570.610639506,31.212261960055738,31.212261960055738
1,2000000000000.0,matched,gpt_3l_56d,3,4,56,136696,2438501.004662414,2439168,2000547053568.0,1440,3,1191.0,2.4687650998433432,0.0014132915610154857,2.4687650998433432,2.463375878334045,7.568196932474772,322298.4290814603,17.84374085562123,17.84374085562123
1,2000000000000.0,matched,gpt_3l_64d,3,4,64,174656,1908513.4970074508,1908736,2000233168896.0,1440,3,932.0,2.4757953882217407,0.0005358852226343191,2.4756482799847923,2.4701877673466996,5.731156984965007,333129.0755869568,10.928545254672041,10.928545254672041
1,2000000000000.0,matched,gpt_3l_72d,3,4,72,217224,1534514.2955351772,1536000,2001936384000.0,1440,3,750.0,2.4797077616055803,0.0012106849101866696,2.4797077616055803,2.472820460796356,5.03439990679423,305524.2574217326,7.071041873826097,7.071041873826097
1,2000000000000.0,matched,gpt_3l_80d,3,4,80,264400,1260716.0867372667,1261568,2001351475200.0,1440,3,616.0,2.485540759563446,0.0034509173901141133,2.485540759563446,2.4797022660573322,3.778297503789266,334719.43781342334,4.771437216338881,4.771437216338881
1,2000000000000.0,matched,gpt_4l_80d,4,4,80,342240,973975.3779024467,974848,2001791877120.0,1440,3,476.0,2.511346785227458,0.0013723962303006413,2.511346785227458,2.5036497116088867,4.010119358698527,244043.2307515409,2.8484338475923328,2.8484338475923328
1,2000000000000.0,matched,gpt_4l_96d,4,4,96,484416,688113.7975073765,688128,2000041279488.0,1440,3,336.0,2.5269980430603027,0.001349142994739377,2.5269980430603027,2.519964857896169,2.54516609509786,270410.1513880599,1.4205311137534682,1.4205311137534682
1,2000000000000.0,matched,gpt_5l_96d,5,4,96,596256,559043.9900534893,559104,2000214687744.0,1440,3,273.0,2.554148177305857,0.0008011270263659554,2.554148177305857,2.54848484992981,2.3648929595947266,236491.5734535173,0.9376911930445982,0.9376911930445982
2,3200000000000.0,fixed,gpt_2l_16d,2,4,16,12736,41876046.901172526,41877504,3200111345664.0,2649,3,20448.0,2.4978387912114464,0.002970555946190423,2.4978387912114464,2.490577026208242,62.76072915395101,667665.617604184,3288.120603015075,3288.120603015075
2,3200000000000.0,fixed,gpt_2l_20d,2,4,20,17840,29895366.218236174,29896704,3200143196160.0,2649,3,14598.0,2.483902060985565,0.001225145888638762,2.4837542176246643,2.4774561762809753,44.05728793144226,679156.628724852,1675.8242152466369,1675.8242152466369
2,3200000000000.0,fixed,gpt_2l_24d,2,4,24,23712,22492127.75528565,22493184,3200150274048.0,2304,3,10983.0,2.4782240788141885,0.00259278233362605,2.4782240788141885,2.4732550462086995,52.1356790860494,431480.0391130015,948.5991902834008,948.5991902834008
2,3200000000000.0,fixed,gpt_2l_28d,2,4,28,30352,17571604.287471447,17571840,3200042926080.0,2304,3,8580.0,2.4719194809595746,0.0013218647247899046,2.471766901016235,2.466758688290914,40.605380376180015,432844.0362711788,578.9351607801792,578.9351607801792
2,3200000000000.0,fixed,gpt_2l_32d,2,4,32,37760,14124293.785310734,14125056,3200172687360.0,2304,3,6897.0,2.4649546186129254,0.0023970965602422407,2.4642574350039164,2.460570168495178,29.275030692418415,482638.09879522404,374.07457627118646,374.07457627118646
2,3200000000000.0,fixed,gpt_2l_36d,2,4,36,45936,11610356.437942645,11612160,3200497090560.0,2304,3,5670.0,2.4563655773798625,0.0007243638406690333,2.455230955282847,2.4520763874053952,27.92512583732605,416653.7050385219,252.78996865203763,252.78996865203763
2,3200000000000.0,fixed,gpt_2l_40d,2,4,40,54880,9718172.983479107,9719808,3200538378240.0,2304,3,4746.0,2.4524999340375264,0.0018425396901014942,2.451937023798625,2.447590363025665,20.694885571797688,470971.91767411144,177.11020408163265,177.11020408163265
2,3200000000000.0,fixed,gpt_2l_44d,2,4,44,64592,8256956.485839319,8257536,3200224591872.0,2649,3,4032.0,2.4315772970517475,0.0007141767969351735,2.4313682357470197,2.4280720551808677,13.265094677607218,623897.7780323181,127.84146643547189,127.84146643547189
2,3200000000000.0,fixed,gpt_2l_48d,2,4,48,75072,7104290.991759023,7104512,3200099549184.0,2304,3,3469.0,2.436647037665049,0.005036168368816233,2.436557428042094,2.4322709560394284,17.110340118408203,417361.1966343334,94.63597612958226,94.63597612958226
2,3200000000000.0,fixed,gpt_2l_52d,2,4,52,86320,6178560.395427865,6178816,3200132382720.0,2649,3,3017.0,2.4169675866762796,0.0040974162149054446,2.416913656393687,2.4144087076187133,9.060287634531656,683667.6243982133,71.58035217794254,71.58035217794254
2,3200000000000.0,fixed,gpt_2l_56d,2,4,56,98336,5423581.733376722,5425152,3200926482432.0,2304,3,2649.0,2.422541697820028,0.003814157514204707,2.4224162181218465,2.420039625962575,12.69035816192627,431757.1920459021,55.169541164985354,55.169541164985354
2,3200000000000.0,fixed,gpt_2l_60d,2,4,60,111120,4799616.030717542,4800512,3200597360640.0,2649,3,2344.0,2.3971354722976685,0.018729573686087214,2.3971354722976685,2.3938507636388144,8.321751515070597,586620.1175879819,43.201151907847375,43.201151907847375
2,3200000000000.0,fixed,gpt_2l_64d,2,4,64,124672,4277891.854893908,4278272,3200284360704.0,2304,3,2089.0,2.4049181938171387,0.0019859515504816547,2.4049181938171387,2.4019283453623452,9.668514887491861,442712.6865727145,34.31622176591376,34.31622176591376
2,3200000000000.0,fixed,gpt_3l_48d,3,4,48,103344,5160757.599215565,5160960,3200125501440.0,2304,3,2520.0,2.427376703421275,0.0025782857354695737,2.4273668328921,2.424403707186381,15.707207918167114,329375.7778572014,49.93961913608918,49.93961913608918
2,3200000000000.0,fixed,gpt_3l_56d,3,4,56,136696,3901601.6074598623,3903488,3201547173888.0,2304,3,1906.0,2.419618825117747,0.0011831308859204658,2.419061541557312,2.4178494811058044,10.982431729634603,355616.50692647934,28.55597822906303,28.55597822906303
2,3200000000000.0,fixed,gpt_3l_64d,3,4,64,174656,3053621.5952119213,3055616,3202090008576.0,2304,3,1492.0,2.4167175253232323,0.0039306221615882635,2.4167175253232323,2.4137039184570312,8.829065720240274,346448.85070461105,17.495053133015755,17.495053133015755
2,3200000000000.0,fixed,gpt_3l_72d,3,4,72,217224,2455222.8728562836,2455552,3200428965888.0,2304,3,1199.0,2.415588609377543,0.003444201511168807,2.415588609377543,2.414367512861888,7.637288888295491,321684.7887903713,11.304238942289986,11.304238942289986
2,3200000000000.0,fixed,gpt_3l_80d,3,4,80,264400,2017145.7387796268,2017280,3200212992000.0,2304,3,985.0,2.4258487582206727,0.0060100868276810205,2.4252718210220334,2.4228033542633054,6.39909307161967,315798.3198831904,7.6296520423600604,7.6296520423600604
2,3200000000000.0,fixed,gpt_4l_80d,4,4,80,342240,1558360.6046439146,1558528,3200343736320.0,2304,3,761.0,2.4379974246025085,0.0018824506748868863,2.4379974246025085,2.435288643836975,5.80757490793864,283494.231824552,4.553903693314633,4.553903693314633
2,3200000000000.0,fixed,gpt_4l_96d,4,4,96,484416,1100982.0760118025,1101824,3202447048704.0,2304,3,538.0,2.4572645982106525,0.005867989115991506,2.4572645982106525,2.4526973009109496,3.7658199469248452,292665.8908101765,2.274540890474303,2.274540890474303
2,3200000000000.0,fixed,gpt_5l_96d,5,4,96,596256,894470.3840855829,894976,3201808859136.0,2304,3,437.0,2.469327652454376,0.0011693954775834749,2.469327652454376,2.4646716952323913,3.0658250649770102,294439.796624155,1.500992862126335,1.500992862126335
2,3200000000000.0,matched,gpt_2l_16d,2,4,16,12736,41876046.901172526,41877504,3200111345664.0,2649,3,20448.0,2.440359699726105,0.0034570385329950465,2.4402122338612875,2.435834761460622,64.81490500768025,647365.5933891846,3288.120603015075,3288.120603015075
2,3200000000000.0,matched,gpt_2l_20d,2,4,20,17840,29895366.218236174,29896704,3200143196160.0,2649,3,14598.0,2.397553785641988,0.004947900589864857,2.3973772406578067,2.3952828367551167,45.12909563382467,665142.7319368969,1675.8242152466369,1675.8242152466369
2,3200000000000.0,matched,gpt_2l_24d,2,4,24,23712,22492127.75528565,22493184,3200150274048.0,2304,3,10983.0,2.381727886199951,0.025114483771029705,2.3814633528391522,2.380494284629822,53.57455746332804,419927.41161978553,948.5991902834008,948.5991902834008
2,3200000000000.0,matched,gpt_2l_28d,2,4,28,30352,17571604.287471447,17571840,3200042926080.0,2304,3,8580.0,2.376767853895823,0.006259600865462927,2.376639437675476,2.3744671225547793,40.80971916516622,431522.11800274457,578.9351607801792,578.9351607801792
2,3200000000000.0,matched,gpt_2l_32d,2,4,32,37760,14124293.785310734,14125056,3200172687360.0,2304,3,6897.0,2.3879143714904782,0.008208430795411318,2.3874765157699582,2.385261050860087,29.622679789861042,477199.7144881382,374.07457627118646,374.07457627118646
2,3200000000000.0,matched,gpt_2l_36d,2,4,36,45936,11610356.437942645,11612160,3200497090560.0,2304,3,5670.0,2.369248267014821,0.013737313919593699,2.3690757314364115,2.3673593560854593,25.961433569590252,448412.4376643027,252.78996865203763,252.78996865203763
2,3200000000000.0,matched,gpt_2l_40d,2,4,40,54880,9718172.983479107,9719808,3200538378240.0,2304,3,4746.0,2.392616395155589,0.005053920392981723,2.392504711945852,2.390792226791382,20.25323756535848,481565.2562209454,177.11020408163265,177.11020408163265
2,3200000000000.0,matched,gpt_2l_44d,2,4,44,64592,8256956.485839319,8257536,3200224591872.0,2649,3,4032.0,2.393321410814921,0.007171995325743014,2.3921567638715104,2.389333347479502,12.39082662264506,669301.6095447283,127.84146643547189,127.84146643547189
2,3200000000000.0,matched,gpt_2l_48d,2,4,48,75072,7104290.991759023,7104512,3200099549184.0,2304,3,3469.0,2.399177634716034,0.010224168081032782,2.399134846528371,2.395762737592061,16.25562556584676,437926.38319398114,94.63597612958226,94.63597612958226
2,3200000000000.0,matched,gpt_2l_52d,2,4,52,86320,6178560.395427865,6178816,3200132382720.0,2649,3,3017.0,2.404731114705404,0.00740953884872889,2.404595609505971,2.4020132223765054,11.060354789098104,560215.8570362744,71.58035217794254,71.58035217794254
2,3200000000000.0,matched,gpt_2l_56d,2,4,56,98336,5423581.733376722,5425152,3200926482432.0,2304,3,2649.0,2.4087795734405515,0.0014649617648194008,2.4087795734405515,2.406750929355621,11.190825859705607,490994.2706025199,55.169541164985354,55.169541164985354
2,3200000000000.0,matched,gpt_2l_60d,2,4,60,111120,4799616.030717542,4800512,3200597360640.0,2649,3,2344.0,2.412612267335256,0.008830485150385653,2.412612267335256,2.4092879136403402,8.745720227559408,551068.1773167123,43.201151907847375,43.201151907847375
2,3200000000000.0,matched,gpt_2l_64d,2,4,64,124672,4277891.854893908,4278272,3200284360704.0,2304,3,2089.0,2.415375264485677,0.0030952576818113193,2.4152639349301652,2.412505769729614,8.746998945871988,490985.381735451,34.31622176591376,34.31622176591376
2,3200000000000.0,matched,gpt_3l_48d,3,4,48,103344,5160757.599215565,5160960,3200125501440.0,2304,3,2520.0,2.421359427769979,0.0007197932109701599,2.4213537494341533,2.4191647052764895,16.130004008611042,320527.7212832433,49.93961913608918,49.93961913608918
2,3200000000000.0,matched,gpt_3l_56d,3,4,56,136696,3901601.6074598623,3903488,3201547173888.0,2304,3,1906.0,2.432611052195231,0.001370208463375653,2.432611052195231,2.4291851917902627,12.595076322555542,310674.86529172986,28.55597822906303,28.55597822906303
2,3200000000000.0,matched,gpt_3l_64d,3,4,64,174656,3053621.5952119213,3055616,3202090008576.0,2304,3,1492.0,2.4381615956624345,0.0020413855099936174,2.4381615956624345,2.4345369974772137,8.464691480000814,362428.61806015455,17.495053133015755,17.495053133015755
2,3200000000000.0,matched,gpt_3l_72d,3,4,72,217224,2455222.8728562836,2455552,3200428965888.0,2304,3,1199.0,2.4420268972714743,0.0022076023514250036,2.4420268972714743,2.437888828913371,7.077307383219401,361657.69707555586,11.304238942289986,11.304238942289986
2,3200000000000.0,matched,gpt_3l_80d,3,4,80,264400,2017145.7387796268,2017280,3200212992000.0,2304,3,985.0,2.44667983452479,0.00393007986387324,2.4465777715047197,2.4428418000539143,6.23177695274353,323883.28931434156,7.6296520423600604,7.6296520423600604
2,3200000000000.0,matched,gpt_4l_80d,4,4,80,342240,1558360.6046439146,1558528,3200343736320.0,2304,3,761.0,2.4620946804682413,0.0017783424753677341,2.4620123028755185,2.4571476101875303,6.99792202313741,224210.10096435665,4.553903693314633,4.553903693314633
2,3200000000000.0,matched,gpt_4l_96d,4,4,96,484416,1100982.0760118025,1101824,3202447048704.0,2304,3,538.0,2.4774444421132404,0.0018993153003473528,2.4774444421132404,2.4715243776639304,3.5862212975819907,308194.9758710344,2.274540890474303,2.274540890474303
2,3200000000000.0,matched,gpt_5l_96d,5,4,96,596256,894470.3840855829,894976,3201808859136.0,2304,3,437.0,2.497262990474701,0.0014659171697424843,2.497262990474701,2.4910092234611514,3.6453742186228433,245536.4127046816,1.500992862126335,1.500992862126335
3,5000000000000.0,fixed,gpt_2l_20d,2,4,20,17840,46711509.71599402,46712832,5000141537280.0,4038,3,22809.0,2.460484238465627,0.0023767345479389686,2.4603596727053323,2.45659894545873,69.91195583343506,668869.8898741606,2618.432286995516,2618.432286995516
3,5000000000000.0,fixed,gpt_2l_24d,2,4,24,23712,35143949.61763383,35145728,5000253014016.0,3601,3,17161.0,2.454455490907033,0.0009344899896059539,2.453465418020884,2.4505032936731976,81.3890020052592,431889.90911652165,1482.191632928475,1482.191632928475
3,5000000000000.0,fixed,gpt_2l_28d,2,4,28,30352,27455631.699174136,27457536,5000346796032.0,3601,3,13407.0,2.443872137864431,0.001188400169008927,2.4438674211502076,2.4404608329137165,63.67492413520813,431289.1298185128,904.636794939378,904.636794939378
3,5000000000000.0,fixed,gpt_2l_32d,2,4,32,37760,22069209.03954802,22069248,5000008826880.0,3601,3,10776.0,2.4314212560653687,0.0017827128449669194,2.4311333378156026,2.428847793738047,45.719995419184364,482958.26892603794,584.4610169491525,584.4610169491525
3,5000000000000.0,fixed,gpt_2l_36d,2,4,36,45936,18141181.934285384,18141184,5000000569344.0,3601,3,8858.0,2.4113228559494018,0.015513180238899953,2.410986336072286,2.4072781125704448,41.5929753780365,436382.4982593243,394.9230233368164,394.9230233368164
3,5000000000000.0,fixed,gpt_2l_40d,2,4,40,54880,15184645.286686104,15185920,5000419737600.0,3601,3,7415.0,2.4052463372548423,0.00553245661699872,2.4044007142384847,2.4024073521296185,36.05068548520406,421264.80664455256,276.7113702623907,276.7113702623907
3,5000000000000.0,fixed,gpt_2l_44d,2,4,44,64592,12901494.509123936,12902400,5000350924800.0,4038,3,6300.0,2.360798927148183,0.010102471996660731,2.360798927148183,2.3577350497245786,19.768292268117268,653487.3376317291,199.75229130542482,199.75229130542482
3,5000000000000.0,fixed,gpt_2l_48d,2,4,48,75072,11100454.674623473,11102208,5000789753856.0,3601,3,5421.0,2.3691209991772966,0.027106730870503297,2.368670129776001,2.36673944791158,24.952497402826946,444998.840283108,147.88746803069054,147.88746803069054
3,5000000000000.0,fixed,gpt_2l_52d,2,4,52,86320,9654000.617856039,9654272,5000140554240.0,4038,3,4714.0,2.31541713476181,0.026260838577838418,2.315203634897868,2.3153381228446963,14.311638593673706,676108.0720288918,111.84281742354031,111.84281742354031
3,5000000000000.0,fixed,gpt_2l_56d,2,4,56,98336,8474346.458401129,8474624,5000163753984.0,3601,3,4138.0,2.3123464783032737,0.006549004027992852,2.31226224899292,2.313021202882131,19.43435835838318,437934.821780358,86.18027985681744,86.18027985681744
3,5000000000000.0,fixed,gpt_2l_60d,2,4,60,111120,7499400.047996161,7499776,5000250654720.0,4038,3,3662.0,2.260709822177887,0.021173314312000195,2.2600290775299072,2.264051425457001,13.94637163480123,544081.312764597,67.49258459323254,67.49258459323254
3,5000000000000.0,fixed,gpt_2l_64d,2,4,64,124672,6684206.023271732,6684672,5000348565504.0,3601,3,3264.0,2.2588969985644023,0.008877728229409531,2.2576519807179767,2.2615302364031473,13.31848963101705,502055.88886092656,53.61806981519507,53.61806981519507
3,5000000000000.0,fixed,gpt_3l_48d,3,4,48,103344,8063683.74877432,8065024,5000831041536.0,3601,3,3938.0,2.35756014585495,0.0032094817308983246,2.35756014585495,2.3560163378715515,23.980334917704266,336375.74685200024,78.04056355472983,78.04056355472983
3,5000000000000.0,fixed,gpt_3l_56d,3,4,56,136696,6096252.511656035,6096896,5000527773696.0,3601,3,2977.0,2.3102668364842733,0.009380453584697235,2.3094473123550414,2.310770551363627,18.30319046974182,333143.0632314428,44.60186106396676,44.60186106396676
3,5000000000000.0,fixed,gpt_3l_64d,3,4,64,174656,4771283.742518627,4771840,5000582922240.0,3601,3,2330.0,2.2928576389948527,0.0061864182529172045,2.2928576389948527,2.295123489697774,13.399380127588907,356636.91790261,27.3213631366801,27.3213631366801
3,5000000000000.0,fixed,gpt_3l_72d,3,4,72,217224,3836285.738837943,3837952,5002171711488.0,3601,3,1874.0,2.2930189609527587,0.008124170056006505,2.2930189609527587,2.296235179901123,12.230390071868896,313895.35991383315,17.668176628733473,17.668176628733473
3,5000000000000.0,fixed,gpt_3l_80d,3,4,80,264400,3151790.216843167,3151872,5000129740800.0,3601,3,1539.0,2.3106942772865295,0.011760919899438857,2.3106942772865295,2.311980080604553,9.828887144724527,322316.3656681413,11.920847201210288,11.920847201210288
3,5000000000000.0,fixed,gpt_4l_80d,4,4,80,342240,2434938.4447561167,2435072,5000274247680.0,3601,3,1189.0,2.359497094154358,0.005464124628629513,2.359497094154358,2.358144934972127,11.085768381754557,220151.79244316567,7.115100514259,7.115100514259
3,5000000000000.0,fixed,gpt_4l_96d,4,4,96,484416,1720284.4937684415,1720320,5000103198720.0,3601,3,840.0,2.396004343032837,0.00735341460747341,2.396004343032837,2.392946994304657,6.075407981872559,283677.9313294,3.55132778438367,3.55132778438367
3,5000000000000.0,fixed,gpt_5l_96d,5,4,96,596256,1397609.9751337233,1398784,5004200116224.0,3601,3,683.0,2.4345062414805096,0.0058558415056036515,2.4345062414805096,2.432925856113434,5.649292230606079,248320.42550278784,2.34594536574894,2.34594536574894
3,5000000000000.0,matched,gpt_2l_20d,2,4,20,17840,46711509.71599402,46712832,5000141537280.0,4038,3,22809.0,2.326456685860952,0.012455976073870922,2.325974218050639,2.327463551362355,69.54306983947754,672416.2234443807,2618.432286995516,2618.432286995516
3,5000000000000.0,matched,gpt_2l_24d,2,4,24,23712,35143949.61763383,35145728,5000253014016.0,3601,3,17161.0,2.280509169896444,0.001316439348516703,2.2792637387911476,2.2833985209465024,81.35078692436218,432094.69664424966,1482.191632928475,1482.191632928475
3,5000000000000.0,matched,gpt_2l_28d,2,4,28,30352,27455631.699174136,27457536,5000346796032.0,3601,3,13407.0,2.265271707375844,0.009826840334137226,2.2649144808451336,2.2680428266525268,61.02460694313049,451412.23206355004,904.636794939378,904.636794939378
3,5000000000000.0,matched,gpt_2l_32d,2,4,32,37760,22069209.03954802,22069248,5000008826880.0,3601,3,10776.0,2.2603005329767862,0.0026079339201729454,2.259878389040629,2.2638404607772826,45.76208345095316,483028.76748544973,584.4610169491525,584.4610169491525
3,5000000000000.0,matched,gpt_2l_36d,2,4,36,45936,18141181.934285384,18141184,5000000569344.0,3601,3,8858.0,2.256378487745921,0.019657863483661834,2.2559959173202517,2.2592700441678364,40.796940883000694,445178.48041271855,394.9230233368164,394.9230233368164
3,5000000000000.0,matched,gpt_2l_40d,2,4,40,54880,15184645.286686104,15185920,5000419737600.0,3601,3,7415.0,2.2699476877848306,0.0012216877413622795,2.2688406387964886,2.2724222858746845,35.885634342829384,424852.9248812133,276.7113702623907,276.7113702623907
3,5000000000000.0,matched,gpt_2l_44d,2,4,44,64592,12901494.509123936,12902400,5000350924800.0,4038,3,6300.0,2.249222028255463,0.006522944856388117,2.249136316776276,2.252310764789581,22.507764895757038,588876.2482457729,199.75229130542482,199.75229130542482
3,5000000000000.0,matched,gpt_2l_48d,2,4,48,75072,11100454.674623473,11102208,5000789753856.0,3601,3,5421.0,2.263751145203908,0.011672927946842377,2.263660470644633,2.2671926259994506,25.104571024576824,442372.8674245563,147.88746803069054,147.88746803069054
3,5000000000000.0,matched,gpt_2l_52d,2,4,52,86320,9654000.617856039,9654272,5000140554240.0,4038,3,4714.0,2.280222837130229,0.027043003536635326,2.2797547618548077,2.2833410183588665,14.274834473927816,679589.9984420537,111.84281742354031,111.84281742354031
3,5000000000000.0,matched,gpt_2l_56d,2,4,56,98336,8474346.458401129,8474624,5000163753984.0,3601,3,4138.0,2.278253666559855,0.007741178370549213,2.2780852437019345,2.2799396594365438,19.1643324693044,444078.81328948186,86.18027985681744,86.18027985681744
3,5000000000000.0,matched,gpt_2l_60d,2,4,60,111120,7499400.047996161,7499776,5000250654720.0,4038,3,3662.0,2.283009898662567,0.02727915668069541,2.2828134775161746,2.2847169558207194,13.394644816716513,579888.357371388,67.49258459323254,67.49258459323254
3,5000000000000.0,matched,gpt_2l_64d,2,4,64,124672,6684206.023271732,6684672,5000348565504.0,3601,3,3264.0,2.2832051436106364,0.006579489817318153,2.2822256882985434,2.284922671318054,12.355532566706339,562958.8330403905,53.61806981519507,53.61806981519507
3,5000000000000.0,matched,gpt_3l_48d,3,4,48,103344,8063683.74877432,8065024,5000831041536.0,3601,3,3938.0,2.329232331116994,0.0023792427174898047,2.329232331116994,2.3286815087000527,24.802578290303547,325293.1008986134,78.04056355472983,78.04056355472983
3,5000000000000.0,matched,gpt_3l_56d,3,4,56,136696,6096252.511656035,6096896,5000527773696.0,3601,3,2977.0,2.356579891840617,0.012107989321455197,2.356536022822062,2.355346786975861,17.450395345687866,349593.7651055309,44.60186106396676,44.60186106396676
3,5000000000000.0,matched,gpt_3l_64d,3,4,64,174656,4771283.742518627,4771840,5000582922240.0,3601,3,2330.0,2.3729255914688108,0.008076045588748335,2.3729255914688108,2.371196774641673,13.050982157389322,366148.2160127017,27.3213631366801,27.3213631366801
3,5000000000000.0,matched,gpt_3l_72d,3,4,72,217224,3836285.738837943,3837952,5002171711488.0,3601,3,1874.0,2.389345157146454,0.007494686022867622,2.389345157146454,2.3873948097229003,12.021576404571533,321459.6434982989,17.668176628733473,17.668176628733473
3,5000000000000.0,matched,gpt_3l_80d,3,4,80,264400,3151790.216843167,3151872,5000129740800.0,3601,3,1539.0,2.4005504369735715,0.010300544933005218,2.4005504369735715,2.3985406120618187,9.582691510518393,329065.9339025072,11.920847201210288,11.920847201210288
3,5000000000000.0,matched,gpt_4l_80d,4,4,80,342240,2434938.4447561167,2435072,5000274247680.0,3601,3,1189.0,2.42146627108256,0.0027509578161878045,2.42146627108256,2.4193550785382585,11.713873306910196,208136.5072330872,7.115100514259,7.115100514259
3,5000000000000.0,matched,gpt_4l_96d,4,4,96,484416,1720284.4937684415,1720320,5000103198720.0,3601,3,840.0,2.4361628452936808,0.002810204380468598,2.4361628452936808,2.432309603691101,5.3838709990183515,331064.52771989227,3.55132778438367,3.55132778438367
3,5000000000000.0,matched,gpt_5l_96d,5,4,96,596256,1397609.9751337233,1398784,5004200116224.0,3601,3,683.0,2.448760124047597,0.00254659202533968,2.448760124047597,2.445025078455607,6.090929985046387,229673.39455775998,2.34594536574894,2.34594536574894
4,8000000000000.0,fixed,gpt_2l_24d,2,4,24,23712,56230319.388214126,56231936,8000229998592.0,5762,3,27457.0,2.4019261042277016,0.005629978873238309,2.4014989217122396,2.399665113290151,130.1013045310974,432241.0285187655,2371.454790823212,2371.454790823212
4,8000000000000.0,fixed,gpt_2l_28d,2,4,28,30352,43929010.718678616,43929600,8000107315200.0,5762,3,21450.0,2.3629868268966674,0.016958514804488848,2.3629868268966674,2.3620447794596355,99.98008155822754,439476.55534221465,1447.337901950448,1447.337901950448
4,8000000000000.0,fixed,gpt_2l_32d,2,4,32,37760,35310734.46327683,35311616,8000199720960.0,5762,3,17242.0,2.341091557343801,0.0030395592736968476,2.340950318177541,2.3407256126403806,73.63739816347758,479751.2597698821,935.1593220338983,935.1593220338983
4,8000000000000.0,fixed,gpt_2l_36d,2,4,36,45936,29025891.094856612,29026304,8000113803264.0,5762,3,14173.0,2.293739155928294,0.012463779457629894,2.293356823921204,2.2964629650115964,63.26113033294678,459670.3433243772,631.8857540926507,631.8857540926507
4,8000000000000.0,fixed,gpt_2l_40d,2,4,40,54880,24295432.458697766,24297472,8000671580160.0,5762,3,11864.0,2.279660709698995,0.006764926814316659,2.279001780351003,2.281896952788035,57.2777472337087,424403.0430798945,442.73819241982505,442.73819241982505
4,8000000000000.0,fixed,gpt_2l_44d,2,4,44,64592,20642391.214598298,20643840,8000561479680.0,6300,3,10080.0,2.216556497414907,0.008122030691687371,2.2157488465309143,2.2219773451487224,30.71852962176005,672778.8879070317,319.6036660886797,319.6036660886797
4,8000000000000.0,fixed,gpt_2l_48d,2,4,48,75072,17760727.479397558,17762304,8000710115328.0,5762,3,8673.0,2.2157580812772113,0.0038897730459064193,2.2144399245580035,2.2218186537424724,40.29209280014038,441296.7965627012,236.60358056265986,236.60358056265986
4,8000000000000.0,fixed,gpt_2l_52d,2,4,52,86320,15446400.988569664,15448064,8000861306880.0,6300,3,7543.0,2.1783771077791854,0.01589531831949932,2.1774356603622436,2.186480665206909,25.074558178583782,618122.2935393425,178.96274328081557,178.96274328081557
4,8000000000000.0,fixed,gpt_2l_56d,2,4,56,98336,13558954.333441805,13559808,8000503676928.0,5762,3,6621.0,2.163187611103058,0.006479808125480167,2.162272465229034,2.171160904566447,31.056602954864502,437654.98587701377,137.89261308167914,137.89261308167914
4,8000000000000.0,fixed,gpt_2l_60d,2,4,60,111120,11999040.076793857,11999232,8000127959040.0,6300,3,5859.0,2.1218613346417747,0.005915499782288306,2.121636176109314,2.1329474290211996,20.407120784123737,598185.6180980575,107.98444924406047,107.98444924406047
4,8000000000000.0,fixed,gpt_2l_64d,2,4,64,124672,10694729.637234772,10696704,8001476886528.0,5762,3,5223.0,2.1200780351956685,0.005309069805044553,2.1200780351956685,2.1306069533030194,21.199896097183228,507366.810933519,85.79876796714579,85.79876796714579
4,8000000000000.0,fixed,gpt_3l_48d,3,4,48,103344,12901893.998038912,12902400,8000313753600.0,5762,3,6300.0,2.189180262883504,0.006489134540749836,2.189180262883504,2.1974706053733826,38.4489549001058,335664.3207298852,124.84904784022295,124.84904784022295
4,8000000000000.0,fixed,gpt_3l_56d,3,4,56,136696,9754004.018649656,9754624,8000508493824.0,5762,3,4763.0,2.1429861267407735,0.010489774436182292,2.142855981985728,2.1536114772160846,30.209850708643597,323248.52554614126,71.35998127231228,71.35998127231228
4,8000000000000.0,fixed,gpt_3l_64d,3,4,64,174656,7634053.988029803,7634944,8000932675584.0,5762,3,3728.0,2.1221434473991394,0.004246881261427136,2.1220491051673886,2.1316758314768474,19.846596479415894,384776.40279563796,43.714181018688166,43.714181018688166
4,8000000000000.0,fixed,gpt_3l_72d,3,4,72,217224,6138057.182140709,6139904,8002407038976.0,5762,3,2998.0,2.1326929092407227,0.003422008679771003,2.132453207174937,2.142240476608276,18.893288532892864,326182.2240739665,28.26531138364085,28.26531138364085
4,8000000000000.0,fixed,gpt_3l_80d,3,4,80,264400,5042864.346949067,5044224,8002156953600.0,5762,3,2463.0,2.147299913565318,0.005718567202672694,2.1466821710268658,2.15519814491272,14.6470418771108,347859.776262751,19.07800302571861,19.07800302571861
4,8000000000000.0,fixed,gpt_4l_80d,4,4,80,342240,3895901.5116097867,3897344,8002962063360.0,5762,3,1903.0,2.195345894495646,0.009024586708544982,2.1930176138877866,2.2016134023666383,18.224470059076946,214088.95181230563,11.387751285647498,11.387751285647498
4,8000000000000.0,fixed,gpt_4l_96d,4,4,96,484416,2752455.190029506,2752512,8000165117952.0,5762,3,1344.0,2.242064102490743,0.003678894009600495,2.242064102490743,2.2455520550409953,8.835819085439047,313965.6441594306,5.682124455013873,5.682124455013873
4,8000000000000.0,fixed,gpt_5l_96d,5,4,96,596256,2236175.9602139574,2236416,8000858750976.0,5762,3,1092.0,2.2983564416567486,0.009314218743191955,2.2983564416567486,2.2988166014353433,9.107473134994507,245809.07586973472,3.750764772178393,3.750764772178393
4,8000000000000.0,matched,gpt_2l_24d,2,4,24,23712,56230319.388214126,56231936,8000229998592.0,5762,3,27457.0,2.209961024920146,0.0062806140812770046,2.2085588415463766,2.216577970981598,128.72969190279642,437015.01604507794,2371.454790823212,2371.454790823212
4,8000000000000.0,matched,gpt_2l_28d,2,4,28,30352,43929010.718678616,43929600,8000107315200.0,5762,3,21450.0,2.177933661142985,0.006276568337530329,2.1774277091026306,2.1847089767456054,99.68010354042053,440815.9792028754,1447.337901950448,1447.337901950448
4,8000000000000.0,matched,gpt_2l_32d,2,4,32,37760,35310734.46327683,35311616,8000199720960.0,5762,3,17242.0,2.15258496205012,0.012995603198865124,2.1520424246788026,2.1621923446655273,72.97539679209392,484016.84750110906,935.1593220338983,935.1593220338983
4,8000000000000.0,matched,gpt_2l_36d,2,4,36,45936,29025891.094856612,29026304,8000113803264.0,5762,3,14173.0,2.142361636956533,0.019897434149110816,2.141758565107981,2.15218577782313,69.40435290336609,418285.9831498467,631.8857540926507,631.8857540926507
4,8000000000000.0,matched,gpt_2l_40d,2,4,40,54880,24295432.458697766,24297472,8000671580160.0,5762,3,11864.0,2.140436061223348,0.004407128925930752,2.1398655851682027,2.1506168047587075,56.188121954600014,432634.8171979995,442.73819241982505,442.73819241982505
4,8000000000000.0,matched,gpt_2l_44d,2,4,44,64592,20642391.214598298,20643840,8000561479680.0,6300,3,10080.0,2.128420571486155,0.003938509375713347,2.128186591466268,2.1389400680859882,30.269752105077107,682109.3208257701,319.6036660886797,319.6036660886797
4,8000000000000.0,matched,gpt_2l_48d,2,4,48,75072,17760727.479397558,17762304,8000710115328.0,5762,3,8673.0,2.1306111653645834,0.002370603500349844,2.1293943802515667,2.1413293202718098,41.94673252105713,424343.79072490224,236.60358056265986,236.60358056265986
4,8000000000000.0,matched,gpt_2l_52d,2,4,52,86320,15446400.988569664,15448064,8000861306880.0,6300,3,7543.0,2.139022946357727,0.009166353542791097,2.1386589845021566,2.1477918068567914,22.528424978256226,686579.2502758922,178.96274328081557,178.96274328081557
4,8000000000000.0,matched,gpt_2l_56d,2,4,56,98336,13558954.333441805,13559808,8000503676928.0,5762,3,6621.0,2.1342107812563578,0.005243036510744906,2.133166738351186,2.1442819158236186,31.096457481384277,436521.55390250037,137.89261308167914,137.89261308167914
4,8000000000000.0,matched,gpt_2l_60d,2,4,60,111120,11999040.076793857,11999232,8000127959040.0,6300,3,5859.0,2.1373222311337785,0.00551753256883506,2.137062136332194,2.1478440960248313,18.99329702059428,633210.479217763,107.98444924406047,107.98444924406047
4,8000000000000.0,matched,gpt_2l_64d,2,4,64,124672,10694729.637234772,10696704,8001476886528.0,5762,3,5223.0,2.139050324757894,0.004983816353042286,2.139050324757894,2.148081600666046,22.311571041742962,479893.43441605475,85.79876796714579,85.79876796714579
4,8000000000000.0,matched,gpt_3l_48d,3,4,48,103344,12901893.998038912,12902400,8000313753600.0,5762,3,6300.0,2.1662787795066833,0.0049547653831308325,2.1662787795066833,2.1758382240931193,38.52307422955831,336867.5196719999,124.84904784022295,124.84904784022295
4,8000000000000.0,matched,gpt_3l_56d,3,4,56,136696,9754004.018649656,9754624,8000508493824.0,5762,3,4763.0,2.1895870208740233,0.007888853801700688,2.189118520418803,2.196677561601003,30.601395845413208,318800.2600381352,71.35998127231228,71.35998127231228
4,8000000000000.0,matched,gpt_3l_64d,3,4,64,174656,7634053.988029803,7634944,8000932675584.0,5762,3,3728.0,2.209826302528381,0.0029141125135982698,2.2091307083765668,2.215843391418457,19.57406957944234,390865.5403336496,43.714181018688166,43.714181018688166
4,8000000000000.0,matched,gpt_3l_72d,3,4,72,217224,6138057.182140709,6139904,8002407038976.0,5762,3,2998.0,2.2282967885335285,0.005412177394088356,2.2282967885335285,2.232297094662984,18.90856909751892,325134.3406323556,28.26531138364085,28.26531138364085
4,8000000000000.0,matched,gpt_3l_80d,3,4,80,264400,5042864.346949067,5044224,8002156953600.0,5762,3,2463.0,2.261233599980672,0.010808505295695216,2.2607379158337912,2.2650715430577595,16.456844488779705,307011.35977044003,19.07800302571861,19.07800302571861
4,8000000000000.0,matched,gpt_4l_80d,4,4,80,342240,3895901.5116097867,3897344,8002962063360.0,5762,3,1903.0,2.3097896854082745,0.017458712036655617,2.3097896854082745,2.3093241771062214,16.53004217147827,238359.39984617502,11.387751285647498,11.387751285647498
4,8000000000000.0,matched,gpt_4l_96d,4,4,96,484416,2752455.190029506,2752512,8000165117952.0,5762,3,1344.0,2.3535895784695944,0.009878449797393798,2.3535895784695944,2.352237089474996,9.298378864924112,296032.80333126057,5.682124455013873,5.682124455013873
4,8000000000000.0,matched,gpt_5l_96d,5,4,96,596256,2236175.9602139574,2236416,8000858750976.0,5762,3,1092.0,2.3953221281369523,0.006061831352887165,2.3953221281369523,2.3928269465764362,8.577690124511719,262206.11557873565,3.750764772178393,3.750764772178393
5,13000000000000.0,fixed,gpt_2l_32d,2,4,32,37760,57379943.50282486,57380864,13000208547840.0,8113,3,28018.0,2.237711751461029,0.011197531152976111,2.236141300201416,2.241887990633647,123.48524355888367,464759.99014668335,1519.620338983051,1519.620338983051
5,13000000000000.0,fixed,gpt_2l_36d,2,4,36,45936,47167073.02914199,47167488,13000114372608.0,8113,3,23031.0,2.1992212017377217,0.021069541677608376,2.199154591560364,2.2054170687993366,109.22219705581665,432012.38547326,1026.808777429467,1026.808777429467
5,13000000000000.0,fixed,gpt_2l_40d,2,4,40,54880,39480077.745383866,39481344,13000416952320.0,8113,3,19278.0,2.1753589789072674,0.0025306102697345194,2.1744662801424663,2.1834918101628618,88.36534110705058,446843.97629383736,719.4122448979592,719.4122448979592
5,13000000000000.0,fixed,gpt_2l_44d,2,4,44,64592,33543885.723722234,33544192,13000118697984.0,9521,3,16379.0,2.1084768255551656,0.0024827313019558494,2.108056557178497,2.1204859455426535,55.241941372553505,615105.3087255522,519.3242506811989,519.3242506811989
5,13000000000000.0,fixed,gpt_2l_48d,2,4,48,75072,28861182.15402103,28862464,13000577384448.0,8113,3,14093.0,2.1109926581382754,0.0020804765160957702,2.1103477279345193,2.1230030099550885,65.62058854103088,439987.20715385815,384.463768115942,384.463768115942
5,13000000000000.0,fixed,gpt_2l_52d,2,4,52,86320,25100401.606425703,25102336,13001001861120.0,9521,3,12257.0,2.061177937189738,0.003439551591089519,2.0603836059570315,2.07399019797643,37.3823557694753,672803.4348987063,290.8055607043559,290.8055607043559
5,13000000000000.0,fixed,gpt_2l_56d,2,4,56,98336,22033300.791842934,22034432,13000667430912.0,8113,3,10759.0,2.0664019068082173,0.0029629811810875963,2.065851946671804,2.0792749047279355,51.298167864481606,429817.45838386443,224.07289293849658,224.07289293849658
5,13000000000000.0,fixed,gpt_2l_60d,2,4,60,111120,19498440.124790017,19499008,13000378613760.0,9521,3,9521.0,2.008389482895533,0.0037813317990527157,2.0077056686083474,2.0238409002621967,30.81237729390462,635924.0017022452,175.47703383729302,175.47703383729302
5,13000000000000.0,fixed,gpt_2l_64d,2,4,64,124672,17378935.6605065,17379328,13000293482496.0,8113,3,8486.0,2.0255004545052846,0.006316716399864,2.024359154701233,2.0403264005978903,36.44563579559326,476900.90904521267,139.40041067761808,139.40041067761808
5,13000000000000.0,fixed,gpt_3l_48d,3,4,48,103344,20965577.746813234,20967424,13001144795136.0,8113,3,10238.0,2.0717389941215516,0.006810104920949508,2.071633823712667,2.085964198907216,65.50658798217773,320281.85120045714,202.88961139495277,202.88961139495277
5,13000000000000.0,fixed,gpt_3l_56d,3,4,56,136696,15850256.530305691,15851520,13001036267520.0,8113,3,7740.0,2.0281846821308136,0.0046554363209692605,2.0281846821308136,2.0445071240266164,48.04234687487284,330007.33187417244,115.96184233627905,115.96184233627905
5,13000000000000.0,fixed,gpt_3l_64d,3,4,64,174656,12405337.73054843,12406784,13001515597824.0,8113,3,6058.0,1.9981279929478966,0.006356139019503909,1.9979108273983002,2.011902302503586,34.410691340764366,360608.38537792815,71.03554415536827,71.03554415536827
5,13000000000000.0,fixed,gpt_3l_72d,3,4,72,217224,9974342.920978652,9975808,13001909501952.0,8113,3,4871.0,1.99473983446757,0.007501138450489989,1.9938716252644857,2.010277070601781,29.49271098772685,339561.68153739994,45.92405995654256,45.92405995654256
5,13000000000000.0,fixed,gpt_3l_80d,3,4,80,264400,8194654.563792234,8196096,13002286694400.0,8113,3,4002.0,2.002759031454722,0.0016399925227471891,2.0005679666996,2.0171054661273957,24.81081525484721,330368.7328092781,30.998850226928894,30.998850226928894
5,13000000000000.0,fixed,gpt_4l_80d,4,4,80,342240,6330839.956365903,6332416,13003236311040.0,8113,3,3092.0,2.0274097700913747,0.004647822090660537,2.0274097700913747,2.0398968696594237,26.68808039029439,237912.13269835233,18.502851799906498,18.502851799906498
5,13000000000000.0,fixed,gpt_4l_96d,4,4,96,484416,4472739.683797948,4472832,13000268316672.0,8113,3,2184.0,2.07438813050588,0.009273955484881545,2.07438813050588,2.0882271051406858,14.390201012293497,311089.400799155,9.233452239397543,9.233452239397543
5,13000000000000.0,fixed,gpt_5l_96d,5,4,96,596256,3633785.9353476805,3635200,13005058867200.0,8113,3,1775.0,2.1248827536900836,0.009328587139862307,2.1248827536900836,2.132605695724487,14.092347145080566,261958.2126739854,6.096710137927333,6.096710137927333
5,13000000000000.0,matched,gpt_2l_32d,2,4,32,37760,57379943.50282486,57380864,13000208547840.0,8113,3,28018.0,2.070090202490489,0.015015263492063481,2.069236620267232,2.0825876315434773,116.2469306786855,493650.78928369563,1519.620338983051,1519.620338983051
5,13000000000000.0,matched,gpt_2l_36d,2,4,36,45936,47167073.02914199,47167488,13000114372608.0,8113,3,23031.0,2.044148129224777,0.010163536091230774,2.0435630361239117,2.0578498125076297,107.35518995920818,439631.47453913913,1026.808777429467,1026.808777429467
5,13000000000000.0,matched,gpt_2l_40d,2,4,40,54880,39480077.745383866,39481344,13000416952320.0,8113,3,19278.0,2.034236603975296,0.0060003891137006,2.033721035718918,2.049978977441788,91.37213524182637,432266.3709420881,719.4122448979592,719.4122448979592
5,13000000000000.0,matched,gpt_2l_44d,2,4,44,64592,33543885.723722234,33544192,13000118697984.0,9521,3,16379.0,2.023805524905523,0.005920898966066827,2.023255803187688,2.039646518230438,54.7351188659668,614301.8716807346,519.3242506811989,519.3242506811989
5,13000000000000.0,matched,gpt_2l_48d,2,4,48,75072,28861182.15402103,28862464,13000577384448.0,8113,3,14093.0,2.017665735880534,0.005778740396396813,2.017236282428106,2.0328420380751293,65.20379010836284,443143.6123529165,384.463768115942,384.463768115942
5,13000000000000.0,matched,gpt_2l_52d,2,4,52,86320,25100401.606425703,25102336,13001001861120.0,9521,3,12257.0,2.012598329782486,0.003638638901414331,2.0119264324506125,2.028093582391739,39.6356360912323,634483.717752034,290.8055607043559,290.8055607043559
5,13000000000000.0,matched,gpt_2l_56d,2,4,56,98336,22033300.791842934,22034432,13000667430912.0,8113,3,10759.0,2.010204174121221,0.0038709145705649846,2.0097842713197074,2.0262819647789,53.717793782552086,410606.7413757213,224.07289293849658,224.07289293849658
5,13000000000000.0,matched,gpt_2l_60d,2,4,60,111120,19498440.124790017,19499008,13000378613760.0,9521,3,9521.0,2.008389482895533,0.0037813317990527157,2.0077056686083474,2.0238409002621967,31.57845417658488,626077.1667982779,175.47703383729302,175.47703383729302
5,13000000000000.0,matched,gpt_2l_64d,2,4,64,124672,17378935.6605065,17379328,13000293482496.0,8113,3,8486.0,2.017473409573237,0.005459007270795882,2.0162661512692766,2.0330351054668427,37.64424753189087,462178.3929304609,139.40041067761808,139.40041067761808
5,13000000000000.0,matched,gpt_3l_48d,3,4,48,103344,20965577.746813234,20967424,13001144795136.0,8113,3,10238.0,2.019555614391963,0.003473746462424675,2.019435125589371,2.035515562693278,65.22108141581218,321828.25501548126,202.88961139495277,202.88961139495277
5,13000000000000.0,matched,gpt_3l_56d,3,4,56,136696,15850256.530305691,15851520,13001036267520.0,8113,3,7740.0,2.0363125642140707,0.012289846518521445,2.036148170630137,2.0522099335988364,47.602670113245644,335059.72033203923,115.96184233627905,115.96184233627905
5,13000000000000.0,matched,gpt_3l_64d,3,4,64,174656,12405337.73054843,12406784,13001515597824.0,8113,3,6058.0,2.048618733882904,0.0045158465130957694,2.047884267568588,2.060940011342366,33.827619870503746,366979.1093833779,71.03554415536827,71.03554415536827
5,13000000000000.0,matched,gpt_3l_72d,3,4,72,217224,9974342.920978652,9975808,13001909501952.0,8113,3,4871.0,2.070383377869924,0.0028118281677339996,2.06942054828008,2.0825744152069094,31.308730681737263,320002.3576052732,45.92405995654256,45.92405995654256
5,13000000000000.0,matched,gpt_3l_80d,3,4,80,264400,8194654.563792234,8196096,13002286694400.0,8113,3,4002.0,2.0883889118830363,0.01182929805872677,2.0878082791964214,2.0995993057886757,25.13133494059245,326999.1713058492,30.998850226928894,30.998850226928894
5,13000000000000.0,matched,gpt_4l_80d,4,4,80,342240,6330839.956365903,6332416,13003236311040.0,8113,3,3092.0,2.1354984641075134,0.007678553716936934,2.1354984641075134,2.1446049094200137,25.636821269989014,247602.1525211582,18.502851799906498,18.502851799906498
5,13000000000000.0,matched,gpt_4l_96d,4,4,96,484416,4472739.683797948,4472832,13000268316672.0,8113,3,2184.0,2.1821042259534202,0.009968409195562309,2.181728001435598,2.188613184293111,14.252164920171102,315144.4956322782,9.233452239397543,9.233452239397543
5,13000000000000.0,matched,gpt_5l_96d,5,4,96,596256,3633785.9353476805,3635200,13005058867200.0,8113,3,1775.0,2.2340869426727292,0.014265316613950564,2.2340869426727292,2.237608738740285,16.0730934937795,226308.81242346042,6.096710137927333,6.096710137927333
6,20000000000000.0,fixed,gpt_2l_40d,2,4,40,54880,60738581.146744415,60739584,20000330219520.0,13056,3,29658.0,2.06982551018397,0.0029199845187584355,2.069423858324687,2.0834342956542966,84.96163566907246,714972.4268722056,1106.7708454810495,1106.7708454810495
6,20000000000000.0,fixed,gpt_2l_44d,2,4,44,64592,51605978.036495745,51607552,20000609992704.0,13056,3,25199.0,2.035990498463313,0.006330279455874142,2.0354702214399976,2.0511040449142457,76.20562028884888,677549.2766601251,798.9774585087937,798.9774585087937
6,20000000000000.0,fixed,gpt_2l_48d,2,4,48,75072,44401818.69849389,44402688,20000391561216.0,13056,3,21681.0,2.0055441379547116,0.004481518045886698,2.004898291826248,2.0213667531808217,64.71260166168213,687424.0416872249,591.468030690537,591.468030690537
6,20000000000000.0,fixed,gpt_2l_52d,2,4,52,86320,38616002.471424155,38617088,20000562216960.0,13056,3,18856.0,1.976279632250468,0.005359583424049127,1.976004918416341,1.992716524998347,57.863804499308266,669462.9726711648,447.37126969416124,447.37126969416124
6,20000000000000.0,fixed,gpt_2l_56d,2,4,56,98336,33897385.833604515,33898496,20000655015936.0,13056,3,16552.0,1.9506152212619783,0.002847760747724215,1.9485023180643717,1.9678406596183777,49.96612675984701,679585.4171186102,344.72111942726974,344.72111942726974
6,20000000000000.0,fixed,gpt_2l_60d,2,4,60,111120,29997600.191984642,29999104,20001002618880.0,13056,3,14648.0,1.9230993529160818,0.0012108723787477927,1.9230993529160818,1.9416267792383828,45.5184543132782,661228.1878830976,269.97033837293014,269.97033837293014
6,20000000000000.0,fixed,gpt_2l_64d,2,4,64,124672,26736824.093086928,26738688,20001394262016.0,13056,3,13056.0,1.9095530887444816,0.0021428273413914758,1.908955923716227,1.9285327990849812,39.17348202069601,684035.181447101,214.47227926078028,214.47227926078028
6,20000000000000.0,fixed,gpt_3l_48d,3,4,48,103344,32254734.99509728,32256000,20000784384000.0,13056,3,15750.0,1.9494029184182484,0.0002746164653410075,1.948699386914571,1.9669725656509398,62.01251872380575,521238.21617494203,312.12261960055736,312.12261960055736
6,20000000000000.0,fixed,gpt_3l_56d,3,4,56,136696,24385010.04662414,24385536,20000431374336.0,13056,3,11907.0,1.8934784352779388,0.0034818161386557735,1.8931640803813934,1.9141298671563467,47.35490536689758,515134.9506823215,178.3924621056944,178.3924621056944
6,20000000000000.0,fixed,gpt_3l_64d,3,4,64,174656,19085134.97007451,19085312,20000185516032.0,13056,3,9319.0,1.8683631718158722,0.00800136528136361,1.8676232616106667,1.8901472151279448,35.044552405675255,546040.4905728983,109.2737266397948,109.2737266397948
6,20000000000000.0,fixed,gpt_3l_72d,3,4,72,217224,15345142.955351772,15345664,20000679100416.0,13056,3,7493.0,1.8677164494991303,0.004581782595625185,1.8658907234668731,1.8868391136328377,30.241846481959026,509517.46466582915,70.64442234743859,70.64442234743859
6,20000000000000.0,fixed,gpt_3l_80d,3,4,80,264400,12607160.867372667,12607488,20000518963200.0,13056,3,6156.0,1.8726856609185536,0.0064558069502964515,1.8724634130795799,1.8924976050853728,25.965946038564045,486444.72623006883,47.68338880484115,47.68338880484115
6,20000000000000.0,fixed,gpt_4l_80d,4,4,80,342240,9739753.779024467,9740288,20001096990720.0,13056,3,4756.0,1.8833636105060576,0.008367620362446778,1.88247713247935,1.902001263697942,27.120188156763714,359242.89281456656,28.460402057036,28.460402057036
6,20000000000000.0,fixed,gpt_4l_96d,4,4,96,484416,6881137.975073766,6881280,20000412794880.0,13056,3,3360.0,1.9299914141496022,0.010807516828120381,1.929183332125346,1.9487565755844116,15.331066528956095,451758.62757310225,14.20531113753468,14.20531113753468
6,20000000000000.0,fixed,gpt_5l_96d,5,4,96,596256,5590439.900534893,5591040,20002146877440.0,13056,3,2730.0,1.9773614784081779,0.005298124002615768,1.976567546526591,1.9905574520428975,14.28457792599996,393388.9718787976,9.376911930445983,9.376911930445983
6,20000000000000.0,matched,gpt_2l_40d,2,4,40,54880,60738581.146744415,60739584,20000330219520.0,13056,3,29658.0,1.9531064530213673,0.0035591787882570196,1.9521905442078908,1.9716963509718577,87.11833326021831,697581.0996812325,1106.7708454810495,1106.7708454810495
6,20000000000000.0,matched,gpt_2l_44d,2,4,44,64592,51605978.036495745,51607552,20000609992704.0,13056,3,25199.0,1.94252600868543,0.0007141591680790993,1.942161113023758,1.9601295669873557,73.78788876533508,699742.6585226994,798.9774585087937,798.9774585087937
6,20000000000000.0,matched,gpt_2l_48d,2,4,48,75072,44401818.69849389,44402688,20000391561216.0,13056,3,21681.0,1.926339542865753,0.0036547030813579725,1.9257079541683197,1.9442608535289765,65.7223105430603,675762.2229015752,591.468030690537,591.468030690537
6,20000000000000.0,matched,gpt_2l_52d,2,4,52,86320,38616002.471424155,38617088,20000562216960.0,13056,3,18856.0,1.9150808850924175,0.005660655330834695,1.9144251982371012,1.9329725325107574,58.83989715576172,659732.1622886787,447.37126969416124,447.37126969416124
6,20000000000000.0,matched,gpt_2l_56d,2,4,56,98336,33897385.833604515,33898496,20000655015936.0,13056,3,16552.0,1.9112918039162954,0.006587170382230949,1.909262349208196,1.931130653619766,49.172435442606606,689908.7515617624,344.72111942726974,344.72111942726974
6,20000000000000.0,matched,gpt_2l_60d,2,4,60,111120,29997600.191984642,29999104,20001002618880.0,13056,3,14648.0,1.9021856367588044,0.0022074193373218588,1.902096845706304,1.9211993118127186,45.13011026382446,665925.4624161926,269.97033837293014,269.97033837293014
6,20000000000000.0,matched,gpt_2l_64d,2,4,64,124672,26736824.093086928,26738688,20001394262016.0,13056,3,13056.0,1.9095530887444816,0.0021428273413914758,1.908955923716227,1.9285327990849812,45.59484879175822,588315.9255842436,214.47227926078028,214.47227926078028
6,20000000000000.0,matched,gpt_3l_48d,3,4,48,103344,32254734.99509728,32256000,20000784384000.0,13056,3,15750.0,1.915342628955841,0.004475784180681018,1.914823967218399,1.9341314375400545,66.00753943125407,490059.1081572568,312.12261960055736,312.12261960055736
6,20000000000000.0,matched,gpt_3l_56d,3,4,56,136696,24385010.04662414,24385536,20000431374336.0,13056,3,11907.0,1.9149385253588358,0.00501567476684606,1.914801110823949,1.9347395499547322,47.565412282943726,513369.37697134184,178.3924621056944,178.3924621056944
6,20000000000000.0,matched,gpt_3l_64d,3,4,64,174656,19085134.97007451,19085312,20000185516032.0,13056,3,9319.0,1.9243721385796864,0.006962475180161784,1.9234673619270326,1.9414105157057444,33.30512936909994,574384.0378183523,109.2737266397948,109.2737266397948
6,20000000000000.0,matched,gpt_3l_72d,3,4,72,217224,15345142.955351772,15345664,20000679100416.0,13056,3,7493.0,1.9403712451457977,0.004390372757915317,1.9394643604755402,1.956135896841685,31.754496256510418,483881.3624866153,70.64442234743859,70.64442234743859
6,20000000000000.0,matched,gpt_3l_80d,3,4,80,264400,12607160.867372667,12607488,20000518963200.0,13056,3,6156.0,1.954811559120814,0.006535470645866809,1.9547774990399678,1.971311914920807,24.392327785491943,517238.3015665587,47.68338880484115,47.68338880484115
6,20000000000000.0,matched,gpt_4l_80d,4,4,80,342240,9739753.779024467,9740288,20001096990720.0,13056,3,4756.0,1.9848933696746827,0.0038329126858946375,1.9839146395524343,1.9996850113073987,26.469686031341553,373473.0718771331,28.460402057036,28.460402057036
6,20000000000000.0,matched,gpt_4l_96d,4,4,96,484416,6881137.975073766,6881280,20000412794880.0,13056,3,3360.0,2.027780252695084,0.0078022949028486365,2.0268047034740446,2.040465650955836,15.754152774810791,438574.0281172831,14.20531113753468,14.20531113753468
6,20000000000000.0,matched,gpt_5l_96d,5,4,96,596256,5590439.900534893,5591040,20002146877440.0,13056,3,2730.0,2.07695038318634,0.003273016399999843,2.076935374736786,2.087247105439504,13.427791913350424,418207.31554258923,9.376911930445983,9.376911930445983
7,32000000000000.0,fixed,gpt_2l_56d,2,4,56,98336,54235817.33376722,54237184,32000806354944.0,14911,3,26483.0,1.9021741449832916,0.004436175080798139,1.9014503399531046,1.9217401166756947,81.82601801554362,663086.0531147397,551.5496257728604,551.5496257728604
7,32000000000000.0,fixed,gpt_2l_60d,2,4,60,111120,47996160.30717543,47996928,32000511836160.0,14911,3,23436.0,1.8753421902656555,0.0026785572694754474,1.8736681818962098,1.8959881027539571,69.90857394536336,686964.5383940203,431.9377969762419,431.9377969762419
7,32000000000000.0,fixed,gpt_2l_64d,2,4,64,124672,42778918.54893909,42780672,32001311637504.0,14911,3,20889.0,1.8608651498953501,0.005157134697203181,1.8602249364058177,1.880690085887909,68.99106891949971,625559.6869928675,343.14579055441476,343.14579055441476
7,32000000000000.0,fixed,gpt_3l_48d,3,4,48,103344,51607575.99215565,51609600,32001255014400.0,14911,3,25200.0,1.8996802330017089,0.0008980558094998509,1.8987297793229423,1.9176589608192443,98.6817118326823,523186.83475747803,499.3961913608918,499.3961913608918
7,32000000000000.0,fixed,gpt_3l_56d,3,4,56,136696,39016016.074598625,39016448,32000354254848.0,14911,3,19051.0,1.845607703924179,0.006104348955047987,1.8450338244438171,1.8667858997980753,73.43782003720601,531317.4157990195,285.4249429390765,285.4249429390765
7,32000000000000.0,fixed,gpt_3l_64d,3,4,64,174656,30536215.952119213,30537728,32001584529408.0,14911,3,14911.0,1.7989458680152894,0.00801728907528795,1.7979579250017803,1.8217046201229097,53.54369179407755,571346.8169585235,174.84499816782704,174.84499816782704
7,32000000000000.0,fixed,gpt_3l_72d,3,4,72,217224,24552228.728562836,24553472,32001620410368.0,14911,3,11989.0,1.7730371793111166,0.004761472736117335,1.7730371793111166,1.7966604948043823,47.97146765391032,512046.365516213,113.0329613670681,113.0329613670681
7,32000000000000.0,fixed,gpt_3l_80d,3,4,80,264400,20171457.387796268,20172800,32002129920000.0,14911,3,9850.0,1.762240930398305,0.0019681165757267386,1.762240930398305,1.7879923184712727,38.77488907178243,520722.33420137054,76.29652042360061,76.29652042360061
7,32000000000000.0,fixed,gpt_4l_80d,4,4,80,342240,15583606.046439147,15585280,32003437363200.0,14911,3,7610.0,1.7519846300284068,0.009742933955128623,1.751306927204132,1.7771612187226615,40.218320767084755,388387.5041881306,45.53903693314633,45.53903693314633
7,32000000000000.0,fixed,gpt_4l_96d,4,4,96,484416,11009820.760118024,11010048,32000660471808.0,14911,3,5376.0,1.7729809323946635,0.006275002434279522,1.7729809323946635,1.7995555380980175,23.915942827860516,460886.49750137393,22.72849782005549,22.72849782005549
7,32000000000000.0,fixed,gpt_5l_96d,5,4,96,596256,8944703.84085583,8945664,32003435003904.0,14911,3,4368.0,1.815314143896103,0.0025974246484859577,1.8149355133374534,1.8376322329044343,25.902085065841675,346763.93616401154,15.003059088713572,15.003059088713572
7,32000000000000.0,matched,gpt_2l_56d,2,4,56,98336,54235817.33376722,54237184,32000806354944.0,14911,3,26483.0,1.8189543783664703,0.0022387833532953147,1.817886217435201,1.8429304321606954,81.66653633117676,664730.0852501014,551.5496257728604,551.5496257728604
7,32000000000000.0,matched,gpt_2l_60d,2,4,60,111120,47996160.30717543,47996928,32000511836160.0,14911,3,23436.0,1.8124017695585888,0.002708759093308663,1.8113780776659647,1.8349823315938314,68.57450294494629,700730.6555654198,431.9377969762419,431.9377969762419
7,32000000000000.0,matched,gpt_2l_64d,2,4,64,124672,42778918.54893909,42780672,32001311637504.0,14911,3,20889.0,1.8042936722437541,0.005236943106517834,1.8042013982931773,1.828970221678416,68.42658758163452,628757.7832249639,343.14579055441476,343.14579055441476
7,32000000000000.0,matched,gpt_3l_48d,3,4,48,103344,51607575.99215565,51609600,32001255014400.0,14911,3,25200.0,1.822132408618927,0.006973019065132349,1.821755564212799,1.8442810813585917,101.02826984723409,511003.856042121,499.3961913608918,499.3961913608918
7,32000000000000.0,matched,gpt_3l_56d,3,4,56,136696,39016016.074598625,39016448,32000354254848.0,14911,3,19051.0,1.803357724348704,0.0008277467279310201,1.802803166707357,1.828166651725769,74.26347581545512,525519.102904018,285.4249429390765,285.4249429390765
7,32000000000000.0,matched,gpt_3l_64d,3,4,64,174656,30536215.952119213,30537728,32001584529408.0,14911,3,14911.0,1.7989458680152894,0.00801728907528795,1.7979579250017803,1.8217046201229097,57.22133135795593,537610.5327180908,174.84499816782704,174.84499816782704
7,32000000000000.0,matched,gpt_3l_72d,3,4,72,217224,24552228.728562836,24553472,32001620410368.0,14911,3,11989.0,1.8073524812857311,0.005056324371941474,1.8067083676656086,1.8307524522145588,48.93405421574911,505692.04535305797,113.0329613670681,113.0329613670681
7,32000000000000.0,matched,gpt_3l_80d,3,4,80,264400,20171457.387796268,20172800,32002129920000.0,14911,3,9850.0,1.8157032509644828,0.0043328976821644626,1.8157032509644828,1.8374385257562,42.3179616133372,479696.86183526384,76.29652042360061,76.29652042360061
7,32000000000000.0,matched,gpt_4l_80d,4,4,80,342240,15583606.046439147,15585280,32003437363200.0,14911,3,7610.0,1.825413699944814,0.006433271899243704,1.8243264019489287,1.8454604804515842,40.97132205963135,383096.8390215761,45.53903693314633,45.53903693314633
7,32000000000000.0,matched,gpt_4l_96d,4,4,96,484416,11009820.760118024,11010048,32000660471808.0,14911,3,5376.0,1.8640297889709474,0.010306832560421555,1.8638768076896668,1.8828943848609925,25.37460692723592,437300.8120529468,22.72849782005549,22.72849782005549
7,32000000000000.0,matched,gpt_5l_96d,5,4,96,596256,8944703.84085583,8945664,32003435003904.0,14911,3,4368.0,1.9087176203727723,0.003812324771724593,1.908669972419739,1.9255701343218485,24.732821464538574,362022.6297481337,15.003059088713572,15.003059088713572
8,50000000000000.0,fixed,gpt_3l_56d,3,4,56,136696,60962525.11656035,60962816,50000238575616.0,15390,3,29767.0,1.815826815366745,0.006716152509976281,1.8146664381027222,1.8381279508272808,113.73345414797465,536053.3673029789,445.97366418914964,445.97366418914964
8,50000000000000.0,fixed,gpt_3l_64d,3,4,64,174656,47712837.42518627,47714304,50001536876544.0,15390,3,23298.0,1.768361230691274,0.007946077445154067,1.768361230691274,1.792876672744751,85.54623341560364,558177.6504608453,273.1901795529498,273.1901795529498
8,50000000000000.0,fixed,gpt_3l_72d,3,4,72,217224,38362857.38837943,38363136,50000363126784.0,15390,3,18732.0,1.7371699074904123,0.0038069215091662044,1.7365520874659222,1.7632330576578774,76.32887999216716,503798.03386904486,176.60634184068059,176.60634184068059
8,50000000000000.0,fixed,gpt_3l_80d,3,4,80,264400,31517902.16843167,31518720,50001297408000.0,15390,3,15390.0,1.70675794283549,0.004449109126530169,1.7056300898392995,1.7352092166741688,62.58066415786743,505129.7994567226,119.20847201210287,119.20847201210287
8,50000000000000.0,fixed,gpt_4l_80d,4,4,80,342240,24349384.447561167,24350720,50002742476800.0,15390,3,11890.0,1.663406334320704,0.008189570689889005,1.662118109067281,1.6905622124671937,58.28389032681783,418155.02645679034,71.15100514259,71.15100514259
8,50000000000000.0,fixed,gpt_4l_96d,4,4,96,484416,17202844.937684413,17203200,50001031987200.0,15390,3,8400.0,1.659767597913742,0.000587111762331851,1.6584843317667641,1.6902988493442537,39.15957053502401,441413.67577632115,35.513277843836704,35.513277843836704
8,50000000000000.0,fixed,gpt_5l_96d,5,4,96,596256,13976099.751337234,13977600,50005367193600.0,15390,3,6825.0,1.6809205432732899,0.0027572089098133706,1.6792930980523426,1.7115594685077669,37.12374949455261,376557.1362644167,23.44227982611496,23.44227982611496
8,50000000000000.0,matched,gpt_3l_56d,3,4,56,136696,60962525.11656035,60962816,50000238575616.0,15390,3,29767.0,1.7299966295560203,0.005128514160937092,1.7282222449779512,1.7559299369653065,116.15917905171712,525182.5359164114,445.97366418914964,445.97366418914964
8,50000000000000.0,matched,gpt_3l_64d,3,4,64,174656,47712837.42518627,47714304,50001536876544.0,15390,3,23298.0,1.7088063021500906,0.005617760137333029,1.7084349274635315,1.734017449617386,89.56653173764546,533503.5154812895,273.1901795529498,273.1901795529498
8,50000000000000.0,matched,gpt_3l_72d,3,4,72,217224,38362857.38837943,38363136,50000363126784.0,15390,3,18732.0,1.7053144474824269,0.0007276082360302646,1.7044697841008505,1.7323059221108756,73.36354231834412,523459.70199256873,176.60634184068059,176.60634184068059
8,50000000000000.0,matched,gpt_3l_80d,3,4,80,264400,31517902.16843167,31518720,50001297408000.0,15390,3,15390.0,1.70675794283549,0.004449109126530169,1.7056300898392995,1.7352092166741688,64.8270382086436,486874.6305419413,119.20847201210287,119.20847201210287
8,50000000000000.0,matched,gpt_4l_80d,4,4,80,342240,24349384.447561167,24350720,50002742476800.0,15390,3,11890.0,1.6935014526049297,0.010915371790114268,1.6930551052093505,1.7196087896823882,63.306178410847984,384893.904484322,71.15100514259,71.15100514259
8,50000000000000.0,matched,gpt_4l_96d,4,4,96,484416,17202844.937684413,17203200,50001031987200.0,15390,3,8400.0,1.7140271902084352,0.007000887026979735,1.7138239999612173,1.7400807559490203,36.43920032183329,473602.59245504835,35.513277843836704,35.513277843836704
8,50000000000000.0,matched,gpt_5l_96d,5,4,96,596256,13976099.751337234,13977600,50005367193600.0,15390,3,6825.0,1.7535251438617705,0.005223052747628663,1.7531025250752768,1.7788360436757404,37.23022484779358,376072.2730286937,23.44227982611496,23.44227982611496
